ab				Abkhazian (ab)
ace				Acehnese (ace)
ach				Acoli (ach)
ada				Adangme (ada)
ady				Adyghe; Adygei (ady)
aa				Afar (aa)
aa_DJ			Afar (Djibouti) (aa_DJ)
aa_ER			Afar (Eritrea) (aa_ER)
aa_ET			Afar (Ethiopia) (aa_ET)
afh				Afrihili (afh)
af				Afrikaans (af)
afa				Afro-Asiatic (Other) (afa)
ak				Akan (ak)
akk				Akkadian (akk)
sq				Albanian (sq)
ale				Aleut (ale)
alg				Algonquian languages (alg)
tut				Altaic (Other) (tut)
am				Amharic (am)
apa				Apache languages (apa)
ar				Arabic (ar)
ar_DZ			Arabic (Algeria) (ar_DZ)
ar_BH			Arabic (Bahrain) (ar_BH)
ar_EG			Arabic (Egypt) (ar_EG)
ar_IN			Arabic (India) (ar_IN)
ar_IQ			Arabic (Iraq) (ar_IQ)
ar_JO			Arabic (Jordan) (ar_JO)
ar_KW			Arabic (Kuwait) (ar_KW)
ar_LB			Arabic (Lebanon) (ar_LB)
ar_LY			Arabic (Libyan Arab Jamahiriya) (ar_LY)
ar_MA			Arabic (Morocco) (ar_MA)
ar_OM			Arabic (Oman) (ar_OM)
ar_QA			Arabic (Qatar) (ar_QA)
ar_SA			Arabic (Saudi Arabia) (ar_SA)
ar_SD			Arabic (Sudan) (ar_SD)
ar_SY			Arabic (Syrian Arab Republic) (ar_SY)
ar_TN			Arabic (Tunisia) (ar_TN)
ar_AE			Arabic (United Arab Emirates) (ar_AE)
ar_YE			Arabic (Yemen) (ar_YE)
an				Aragonese (an)
arc				Aramaic (arc)
arp				Arapaho (arp)
arw				Arawak (arw)
hy				Armenian (hy)
art				Artificial (Other) (art)
as				Assamese (as)
ast				Asturian (ast)
ath				Athapascan language (ath)
aus				Australian languages (aus)
map				Austronesian (Other) (map)
av				Avaric (av)
ae				Avestan (ae)
awa				Awadhi (awa)
ay				Aymara (ay)
az				Azerbaijani (az)
ban				Balinese (ban)
bat				Baltic (Other) (bat)
bal				Baluchi (bal)
bm				Bambara (bm)
bai				Bamileke languages (bai)
bad				Banda (bad)
bnt				Bantu (Other) (bnt)
bas				Basa (bas)
ba				Bashkir (ba)
eu				Basque (eu)
eu_FR			Basque (France) (eu_FR)
eu_ES			Basque (Spain) (eu_ES)
btk				Batak (Indonesia) (btk)
bej				Beja (bej)
be				Belarusian (be)
be@latin		Belarusian latin (be@latin)
bem				Bemba (bem)
bn				Bengali (bn)
bn_BD			Bengali (Bangladesh) (bn_BD)
bn_IN			Bengali (India) (bn_IN)
ber				Berber (Other) (ber)
bho				Bhojpuri (bho)
bh				Bihari (bh)
bik				Bikol (bik)
bin				Bini (bin)
bi				Bislama (bi)
byn				Blin; Bilin (byn)
brx				Bodo (brx)
bs				Bosnian (bs)
bra				Braj (bra)
pt_BR			Brazilian Portuguese (pt_BR)
br				Breton (br)
bug				Buginese (bug)
bg				Bulgarian (bg)
bua				Buriat (bua)
my				Burmese (my)
cad				Caddo (cad)
car				Carib (car)
ca				Catalan (ca)
ca@valencia		Catalan (Valencian) (ca@valencia)
cau				Caucasian (Other) (cau)
ceb				Cebuano (ceb)
cel				Celtic (Other) (cel)
cai				Central American Indian (Other) (cai)
nhn				Central Nahuatl (nhn)
sml				Central Sama (sml)
chg				Chagatai (chg)
cmc				Chamic languages (cmc)
ch				Chamorro (ch)
ce				Chechen (ce)
chr				Cherokee (chr)
ny				Chewa; Chichewa; Nyanja (ny)
chy				Cheyenne (chy)
hne				Chhattisgarhi (hne)
chb				Chibcha (chb)
zh				Chinese (zh)
zh_HK			Chinese (Hong Kong) (zh_HK)
zh_CN			Chinese (Simplified) (zh_CN)
zh_SG			Chinese (Singapore) (zh_SG)
zh_TW			Chinese (Traditional) (zh_TW)
chn				Chinook jargon (chn)
chp				Chipewyan (chp)
the				Chitwania Tharu  (the)
cho				Choctaw (cho)
za				Chuang; Zhuang (za)
chk				Chukese (chk)
chu				Church Slavic (chu)
cv				Chuvash (cv)
nwc				Classical Newari; Old Newari (nwc)
ksh				Colognian (ksh)
cop				Coptic (cop)
kw				Cornish (kw)
co				Corsican (co)
cr				Cree (cr)
mus				Creek (mus)
crp				Creoles and pidgins (Other) (crp)
crh				Crimean Turkish; Crimean Tatar (crh)
hr				Croatian (hr)
cus				Cushitic (Other) (cus)
cs				Czech (cs)
dak				Dakota (dak)
da				Danish (da)
dar				Dargwa (dar)
fa_AF			Dari Persian (fa_AF)
del				Delaware (del)
din				Dinka (din)
dv				Divehi (dv)
doi				Dogri (doi)
dgr				Dogrib (dgr)
dra				Dravidian (Other) (dra)
dua				Duala (dua)
nl				Dutch (nl)
nl_BE			Dutch (Belgium) (nl_BE)
nl_NL			Dutch (Netherlands) (nl_NL)
dum				Dutch, Middle (ca. 1050-1350) (dum)
dyu				Dyula (dyu)
dz				Dzongkha (dz)
efi				Efik (efi)
egy				Egyptian (Ancient) (egy)
eka				Ekajuk (eka)
elx				Elamite (elx)
en				English (en)
en_AU			English (Australia) (en_AU)
en_BW			English (Botswana) (en_BW)
en_CA			English (Canada) (en_CA)
en_DK			English (Denmark) (en_DK)
en_HK			English (Hong Kong) (en_HK)
en_IN			English (India) (en_IN)
en_IE			English (Ireland) (en_IE)
en_NZ			English (New Zealand) (en_NZ)
en_PH			English (Philippines) (en_PH)
en_SG			English (Singapore) (en_SG)
en_ZA			English (South Africa) (en_ZA)
en_GB			English (United Kingdom) (en_GB)
en_US			English (United States) (en_US)
en_US@piglatin	English (United States) piglatin (en_US@piglatin)
en_ZW			English (Zimbabwe) (en_ZW)
en@boldquot		English boldquot (en@boldquot)
en@quot			English quot (en@quot)
en@shaw			English shaw (en@shaw)
enm				English, Middle (1100-1500) (enm)
ang				English, Old (ca.450-1100) (ang)
cpe				English-based (Other) (cpe)
myv				Erzya (myv)
eo				Esperanto (eo)
et				Estonian (et)
ee				Ewe (ee)
ewo				Ewondo (ewo)
fan				Fang (fan)
fat				Fanti (fat)
fo				Faroese (fo)
fj				Fijian (fj)
fil				Filipino (fil)
fi				Finnish (fi)
fit				Finnish, Tornedalen (fit)
fiu				Finno-Ugrian (Other) (fiu)
fon				Fon (fon)
frp				Franco-Provençal (frp)
fr				French (fr)
fr_BE			French (Belgium) (fr_BE)
fr_CA			French (Canada) (fr_CA)
fr_FR			French (France) (fr_FR)
fr_LU			French (Luxembourg) (fr_LU)
fr_ML			French (Mali) (fr_ML)
fr_SN			French (Senegal) (fr_SN)
fr_CH			French (Switzerland) (fr_CH)
fr_TG			French (Togo) (fr_TG)
frm				French, Middle (ca.1400-1600) (frm)
fro				French, Old (842-ca.1400) (fro)
cpf				French-based (Other) (cpf)
fy				Frisian (fy)
fur				Friulian (fur)
ff				Fulah (ff)
gaa				Ga (gaa)
gd				Gaelic; Scottish (gd)
gl				Galician (gl)
lg				Ganda (lg)
gay				Gayo (gay)
gba				Gbaya (gba)
gez				Geez (gez)
gez_ER			Geez (Eritrea) (gez_ER)
gez_ET			Geez (Ethiopia) (gez_ET)
ka				Georgian (ka)
de				German (de)
de_AT			German (Austria) (de_AT)
de_BE			German (Belgium) (de_BE)
de_DE			German (Germany) (de_DE)
de_LU			German (Luxembourg) (de_LU)
de_CH			German (Switzerland) (de_CH)
gmh				German, Middle High (ca.1050-1500) (gmh)
goh				German, Old High (ca.750-1050) (goh)
gem				Germanic (Other) (gem)
gil				Gilbertese (gil)
gon				Gondi (gon)
gor				Gorontalo (gor)
got				Gothic (got)
grb				Grebo (grb)
el				Greek (el)
grc				Greek, Ancient (to 1453) (grc)
kl				Greenlandic (Kalaallisut) (kl)
gos				Gronings (gos)
gn				Guarani (gn)
gu				Gujarati (gu)
gwi				Gwichin (gwi)
hai				Haida (hai)
ht				Haitian; Haitian Creole (ht)
ha				Hausa (ha)
haw				Hawaiian (haw)
he				Hebrew (he)
hz				Herero (hz)
hil				Hiligaynon (hil)
him				Himachali (him)
hi				Hindi (hi)
ho				Hiri (ho)
hit				Hittite (hit)
hmn				Hmong (hmn)
hu				Hungarian (hu)
hrx				Hunsrik (hrx)
hup				Hupa (hup)
iba				Iban (iba)
is				Icelandic (is)
io				Ido (io)
ig				Igbo (ig)
ijo				Ijo (ijo)
ilo				Iloko (ilo)
smn				Inari Sami (smn)
inc				Indic (Other) (inc)
ine				Indo-European (Other) (ine)
id				Indonesian (id)
inh				Ingush (inh)
ia				Interlingua (ia)
ie				Interlingue (ie)
iu				Inuktitut (iu)
ik				Inupiaq (ik)
ira				Iranian (Other) (ira)
ga				Irish (ga)
mga				Irish, Middle (900-1200) (mga)
sga				Irish, Old (to 900) (sga)
iro				Iroquoian languages (iro)
it				Italian (it)
it_IT			Italian (Italy) (it_IT)
it_CH			Italian (Switzerland) (it_CH)
ja				Japanese (ja)
jv				Javanese (jv)
jrb				Judeo-Arabic (jrb)
jpr				Judeo-Persian (jpr)
kbd				Kabardian (kbd)
kab				Kabyle (kab)
kac				Kachin (kac)
kgp				Kaingang (kgp)
xal				Kalmyk (xal)
kam				Kamba (kam)
kn				Kannada (kn)
kr				Kanuri (kr)
cak				Kaqchikel (cak)
kaa				Kara-Kalpak (kaa)
krc				Karachay-Balkar (krc)
krl				Karelian (krl)
kar				Karen (kar)
ks				Kashmiri (ks)
csb				Kashubian (csb)
kaw				Kawi (kaw)
kk				Kazakh (kk)
kk@latin		Kazakh latin (kk@latin)
kha				Khazi (kha)
km				Khmer (km)
khi				Khoisan (Other) (khi)
kho				Khotanese (kho)
ki				Kikuyu (ki)
kmb				Kimbundu (kmb)
rw				Kinyarwanda (rw)
ky				Kirghiz (ky)
tlh				Klingon (tlh)
kv				Komi (kv)
kg				Kongo (kg)
kok				Konkani (kok)
ko				Korean (ko)
kos				Kosraean (kos)
kpe				Kpelle (kpe)
kro				Kru (kro)
kj				Kuanyama (kj)
kum				Kumyk (kum)
ku				Kurdish (ku)
ckb				Kurdish (Sorani) (ckb)
kru				Kurukh (kru)
kut				Kutenai (kut)
lld				Ladin (lld)
lad				Ladino (lad)
lah				Lahnda (lah)
lkt				Lakota (lkt)
lam				Lamba (lam)
lo				Lao (lo)
ltg				Latgalian (ltg)
la				Latin (la)
lv				Latvian (lv)
lez				Lezghian (lez)
lij				Ligurian (lij)
li				Limburgian (li)
ln				Lingala (ln)
lfn				Lingua Franca Nova (lfn)
lt				Lithuanian (lt)
jbo				Lojban (jbo)
nds				Low German (nds)
nds@NFE			Low German NFE (nds@NFE)
dsb				Lower Sorbian (dsb)
loz				Lozi (loz)
lu				Luba-Katanga (lu)
lua				Luba-Lulua (lua)
lui				Luiseno (lui)
smj				Lule Sami (smj)
lun				Lunda (lun)
luo				Luo (Kenya and Tanzania) (luo)
lus				Lushai (lus)
lb				Luxembourgish (lb)
mk				Macedonian (mk)
mad				Madurese (mad)
mag				Magahi (mag)
mai				Maithili (mai)
mak				Makasar (mak)
mg				Malagasy (mg)
ms				Malay (ms)
ml				Malayalam (ml)
mt				Maltese (mt)
mnc				Manchu (mnc)
mdr				Mandar (mdr)
man				Mandingo (man)
mno				Manobo languages (mno)
gv				Manx (gv)
mi				Maori (mi)
arn				Mapudungun (arn)
mr				Marathi (mr)
chm				Mari (chm)
mrj				Mari (Hill) (mrj)
mhr				Mari (Meadow) (mhr)
mh				Marshallese (mh)
mwr				Marwari (mwr)
mas				Masai (mas)
myn				Mayan languages (myn)
men				Mende (men)
mic				Micmac (mic)
nan				Min Nan Chinese (nan)
min				Minangkabau (min)
mis				Miscellaneous languages (mis)
miq				Miskito (miq)
moc				Mocoví (moc)
moh				Mohawk (moh)
mdf				Moksha (mdf)
mo				Moldavian (mo)
mkh				Mon-Khmer (Other) (mkh)
lol				Mongo (lol)
mn				Mongolian (mn)
ary				Moroccan Arabic (ary)
mos				Mossi (mos)
mul				Multiple languages (mul)
mun				Munda languages (mun)
nah				Nahuatl (nah)
na				Nauru (na)
nv				Navaho (nv)
nd				Ndebele, North (nd)
nr				Ndebele, South (nr)
ng				Ndonga (ng)
nap				Neapolitan (nap)
ne				Nepali (ne)
new				Newari (new)
nia				Nias (nia)
nic				Niger-Kordofanian (Other) (nic)
ssa				Nilo-Saharan (Other) (ssa)
niu				Niuean (niu)
nog				Nogai (nog)
non				Norse, Old (non)
nai				North American Indian (Other) (nai)
se				Northern Sami (se)
no				Norwegian (no)
nb				Norwegian Bokmal (nb)
nn				Norwegian Nynorsk (nn)
nub				Nubian languages (nub)
nym				Nyankole (nym)
nyo				Nyoro (nyo)
nzi				Nzima (nzi)
oc				Occitan (post 1500) (oc)
oj				Ojibwe (oj)
or				Oriya (or)
om				Oromo (om)
om_ET			Oromo (Ethiopia) (om_ET)
om_KE			Oromo (Kenya) (om_KE)
osa				Osage (osa)
os				Ossetian (os)
oto				Otomian languages (oto)
pal				Pahlavi (pal)
pau				Palauan (pau)
pi				Pali (pi)
pam				Pampangan (pam)
pag				Pangasinan (pag)
pap				Papiamento (pap)
paa				Papuan (Other) (paa)
pmy				Papuan Malay (pmy)
ps				Pashto (ps)
fa				Persian (fa)
peo				Persian, Old (ca.600-400 B.C.) (peo)
phi				Philippine (Other) (phi)
phn				Phoenician (phn)
pms				Piemontese (pms)
pon				Pohnpeian (pon)
pl				Polish (pl)
pt				Portuguese (pt)
pt_PT			Portuguese (Portugal) (pt_PT)
cpp				Portuguese-based (Other) (cpp)
pra				Prakrit languages (pra)
pro				Provençal, Old (to 1500) (pro)
pa				Punjabi (pa)
qu				Quechua (qu)
rm				Raeto-Romance (rm)
raj				Rajasthani (raj)
rap				Rapanui (rap)
rar				Rarotongan (rar)
roa				Romance (Other) (roa)
ro				Romanian (ro)
rom				Romany (rom)
rn				Rundi (rn)
ru				Russian (ru)
ru_RU			Russian (Russian Federation) (ru_RU)
ru_UA			Russian (Ukraine) (ru_UA)
rue				Rusyn (rue)
ksw				S'gaw Karen (ksw)
sal				Salishan languages (sal)
sam				Samaritan Aramaic (sam)
smi				Sami languages (Other) (smi)
sm				Samoan (sm)
sgs				Samogitian (sgs)
sad				Sandawe (sad)
sg				Sango (sg)
sa				Sanskrit (sa)
sat				Santali (sat)
skr				Saraiki (skr)
sc				Sardinian (sc)
sas				Sasak (sas)
sco				Scots (sco)
sel				Selkup (sel)
sem				Semitic (Other) (sem)
sr				Serbian (sr)
sr@ijekavian	Serbian Ijekavian (sr@ijekavian)
sr@ijekavianlatinSerbian Ijekavian Latin (sr@ijekavianlatin)
sr@latin		Serbian Latin (sr@latin)
sr@Latn			Serbian Latn (sr@Latn)
sr@ije			Serbian ije (sr@ije)
srr				Serer (srr)
shn				Shan (shn)
sn				Shona (sn)
shs				Shuswap (shs)
ii				Sichuan Yi (ii)
sid				Sidamo (sid)
sgn				Sign languages (sgn)
bla				Siksika (bla)
szl				Silesian (szl)
sd				Sindhi (sd)
si				Sinhalese (si)
sit				Sino-Tibetan (Other) (sit)
sio				Siouan languages (sio)
sms				Skolt Sami (sms)
den				Slave (Athapascan) (den)
sla				Slavic (Other) (sla)
sk				Slovak (sk)
sl				Slovenian (sl)
sog				Sogdian (sog)
so				Somali (so)
so_DJ			Somali (Djibouti) (so_DJ)
so_ET			Somali (Ethiopia) (so_ET)
so_KE			Somali (Kenya) (so_KE)
so_SO			Somali (Somalia) (so_SO)
son				Songhai (son)
snk				Soninke (snk)
wen				Sorbian languages (wen)
nso				Sotho, Northern (nso)
st				Sotho, Southern (st)
sai				South American Indian (Other) (sai)
sma				Southern Sami (sma)
es				Spanish (es)
es_AR			Spanish (Argentina) (es_AR)
es_BO			Spanish (Bolivia) (es_BO)
es_CL			Spanish (Chile) (es_CL)
es_CO			Spanish (Colombia) (es_CO)
es_CR			Spanish (Costa Rica) (es_CR)
es_DO			Spanish (Dominican Republic) (es_DO)
es_EC			Spanish (Ecuador) (es_EC)
es_SV			Spanish (El Salvador) (es_SV)
es_GT			Spanish (Guatemala) (es_GT)
es_HN			Spanish (Honduras) (es_HN)
es_MX			Spanish (Mexico) (es_MX)
es_NI			Spanish (Nicaragua) (es_NI)
es_PA			Spanish (Panama) (es_PA)
es_PY			Spanish (Paraguay) (es_PY)
es_PE			Spanish (Peru) (es_PE)
es_PR			Spanish (Puerto Rico) (es_PR)
es_ES			Spanish (Spain) (es_ES)
es_US			Spanish (United States) (es_US)
es_UY			Spanish (Uruguay) (es_UY)
es_VE			Spanish (Venezuela) (es_VE)
suk				Sukuma (suk)
sux				Sumerian (sux)
su				Sundanese (su)
sus				Susu (sus)
sw				Swahili (sw)
ss				Swati (ss)
sv				Swedish (sv)
sv_FI			Swedish (Finland) (sv_FI)
sv_SE			Swedish (Sweden) (sv_SE)
syr				Syriac (syr)
tl				Tagalog (tl)
ty				Tahitian (ty)
tai				Tai (Other) (tai)
tg				Tajik (tg)
tzl				Talossan (tzl)
tmh				Tamashek (tmh)
ta				Tamil (ta)
ta_LK			Tamil (Sri-Lanka) (ta_LK)
trv				Taroko (trv)
tt				Tatar (tt)
te				Telugu (te)
ter				Tereno (ter)
tet				Tetum (tet)
th				Thai (th)
bo				Tibetan (bo)
tig				Tigre (tig)
ti				Tigrinya (ti)
ti_ER			Tigrinya (Eritrea) (ti_ER)
ti_ET			Tigrinya (Ethiopia) (ti_ET)
tem				Timne (tem)
tiv				Tiv (tiv)
tli				Tlingit (tli)
tpi				Tok Pisin (tpi)
tkl				Tokelau (tkl)
tog				Tonga (Nyasa) (tog)
to				Tonga (Tonga Islands) (to)
tsi				Tsimshian (tsi)
ts				Tsonga (ts)
tn				Tswana (tn)
tum				Tumbuka (tum)
tup				Tupi languages (tup)
tr				Turkish (tr)
ota				Turkish, Ottoman (1500-1928) (ota)
tk				Turkmen (tk)
tvl				Tuvalu (tvl)
tyv				Tuvinian (tyv)
tw				Twi (tw)
udm				Udmurt (udm)
udm@cyrillic	Udmurt cyrillic (udm@cyrillic)
uga				Ugaritic (uga)
uk				Ukrainian (uk)
umb				Umbundu (umb)
und				Undetermined (und)
hsb				Upper Sorbian (hsb)
ur				Urdu (ur)
ug				Uyghur (ug)
uz				Uzbek (uz)
uz@Latn			Uzbek Latn (uz@Latn)
uz@cyrillic		Uzbek cyrillic (uz@cyrillic)
vai				Vai (vai)
ve				Venda (ve)
vec				Venetian (vec)
vi				Vietnamese (vi)
vo				Volapuk (vo)
vot				Votic (vot)
wak				Wakashan languages (wak)
wal				Walamo (wal)
wa				Walloon (wa)
wae				Walser (wae)
war				Waray (war)
was				Washo (was)
guc				Wayuu (guc)
cy				Welsh (cy)
wo				Wolof (wo)
xh				Xhosa (xh)
sah				Yakut (sah)
yao				Yao (yao)
yap				Yapese (yap)
yi				Yiddish (yi)
yo				Yoruba (yo)
ypk				Yupik languages (ypk)
znd				Zande (znd)
zap				Zapotec (zap)
zza				Zazaki (zza)
zen				Zenaga (zen)
zu				Zulu (zu)
zun				Zuni (zun)

